Lower;2026-01-05
"Tag 1 · Lower A (Di)"
"1. Beinpresse · Maschine";"4 Sätze";"10 Wdh"
"2. Beinstrecken · Maschine";"3 Sätze";"10 Wdh"
"3. Beinbeugen im Sitzen · Maschine";"3 Sätze";"10 Wdh"
"4. Wadenheben im Sitzen · Maschine";"4 Sätze";"10 Wdh"
"5. Bauchmaschine dual · Maschine";"4 Sätze";"10 Wdh"
"6. Adduktoren · Maschine";"3 Sätze";"10 Wdh"
"7. Abduktoren · Maschine";"3 Sätze";"10 Wdh"
"8. Wadenheben an der Beinpresse · Maschine";"3 Sätze";"10 Wdh"
"Tag 2 · Lower B (Fr)"
"1. Beinbeugen im Sitzen · Maschine";"4 Sätze";"10 Wdh"
"2. Beinpresse · Maschine";"3 Sätze";"10 Wdh"
"3. Rückenstrecken · Maschine";"3 Sätze";"10 Wdh"
"4. Beinstrecken · Maschine";"3 Sätze";"10 Wdh"
"5. Wadenheben im Sitzen · Maschine";"4 Sätze";"10 Wdh"
"6. Bauchmaschine dual · Maschine";"4 Sätze";"10 Wdh"
"7. Adduktoren · Maschine";"3 Sätze";"10 Wdh"
"8. Abduktoren · Maschine";"3 Sätze";"10 Wdh"

Upper;2025-12-12
"Tag 1 · Upper A (Mo)"
"1. Brustpresse · Maschine";"4 Sätze";"10 Wdh"
"2. Butterfly weit · Maschine";"4 Sätze";"10 Wdh"
"3. Schulterpresse · Maschine";"3 Sätze";"10 Wdh"
"4. Rudern mit Brustauflage eng · Maschine";"3 Sätze";"10 Wdh"
"5. Latzug weit mit Obergriff · Maschine";"3 Sätze";"10 Wdh"
"6. Seitheben · Maschine";"3 Sätze";"10 Wdh"
"7. Butterfly Reverse weit · Maschine";"3 Sätze";"10 Wdh"
"8. Trizepsdrücken mit dem Seil · Kabelzug";"4 Sätze";"10 Wdh"
"9. Hyperextensions · Körpergewicht";"3 Sätze";"10 Wdh"
"10. Bauchmaschine dual · Maschine";"3 Sätze";"10 Wdh"
"11. Curls · Kabelzug";"3 Sätze";"10 Wdh"
"Tag 2 · Upper B (Do)"
"1. Rudern mit Brustauflage eng · Maschine";"4 Sätze";"10 Wdh"
"2. Latzug weit mit Obergriff · Maschine";"4 Sätze";"10 Wdh"
"3. Brustpresse · Maschine";"3 Sätze";"10 Wdh"
"4. Butterfly Reverse weit · Maschine";"4 Sätze";"10 Wdh"
"5. Butterfly weit · Maschine";"4 Sätze";"10 Wdh"
"6. Seitheben · Maschine";"3 Sätze";"10 Wdh"
"7. Curls · Kabelzug";"4 Sätze";"10 Wdh"
"8. Bauchmaschine dual · Maschine";"3 Sätze";"10 Wdh"
"9. Trizepsdrücken mit dem Seil · Kabelzug";"4 Sätze";"10 Wdh"
"10. Trizepsdrücken · Kabelzug";"3 Sätze";"10 Wdh"
